document;numero;type;identifiant;date;heure
contrat;1234567;modification;111;14-05-2021;11:33
contrat;1234567;suppression;111;14-05-2021;11:33
contrat;1234567;creation;111;14-05-2021;11:33
compte;admin3;creation;roryAdmin;15-05-2021;11:31
contrat;2234567;modification;kevinGest;15-05-2021;11:52
assurance;192;creation;roryAdmin;20-05-2021;11:03
contrat;;modification;kevinGest;20-05-2021;11:54
contrat;1234567;modification;kevinGest;20-05-2021;11:55
contrat;1234567;modification;kevinGest;20-05-2021;11:55
contrat;1234567;modification;kevinGest;20-05-2021;11:57
contrat;1234567;modification;kevinGest;20-05-2021;11:57
adresse;1;modification;kevinGest;22-05-2021;15:36
adresse;1;modification;kevinGest;22-05-2021;15:39
compte;ok;creation;roryAdmin;22-05-2021;16:00
compte;ok;creation;roryAdmin;22-05-2021;16:01
contrat;1234567;modification;kevinGest;22-05-2021;18:56
contrat;868687;creation;kevinGest;23-05-2021;16:19
compte;FrançoisCazenave;creation;kevinGest;24-05-2021;08:27
contrat;9359637;creation;kevinGest;25-05-2021;10:33
compte;ok_;creation;roryAdmin;25-05-2021;16:13
compte;admin2;creation;roryAdmin;26-05-2021;12:53
contrat;9359637;modification;kevinGest;26-05-2021;15:51
contrat;9359637;modification;kevinGest;26-05-2021;15:55
contrat;9359637;modification;kevinGest;26-05-2021;15:56
contrat;9359637;modification;kevinGest;26-05-2021;15:57
contrat;9359637;modification;kevinGest;26-05-2021;16:02
contrat;9359637;modification;kevinGest;26-05-2021;16:03
contrat;8992517;creation;kevinGest;26-05-2021;16:23
compte;PaulPierre;creation;kevinGest;26-05-2021;20:33
adresse;3;modification;kevinGest;26-05-2021;20:55
compte;tomasGest;creation;roryAdmin;29-05-2021;18:21
compte;LisaDupont;creation;kevinGest;29-05-2021;18:28
compte;TomDuChateau;creation;kevinGest;29-05-2021;18:30
compte;FrançoisCazenave;creation;tomasGest;29-05-2021;18:33
compte;PaulDufour;creation;tomasGest;29-05-2021;18:36
contrat;7926900;creation;kevinGest;29-05-2021;18:39
contrat;1325011;creation;kevinGest;29-05-2021;18:41
contrat;3287666;creation;kevinGest;29-05-2021;18:42
contrat;7311581;creation;tomasGest;29-05-2021;18:44
constat;1;creation;JeanDupont;29-05-2021;18:50
constat;2;creation;JeanDupont;29-05-2021;19:00
sinistre;10;creation;JeanDupont;29-05-2021;19:30
sinistre;1;creation;JeanDupont;29-05-2021;19:31
constat;1;creation;JeanDupont;29-05-2021;17:48
sinistre;2;creation;FrançoisCazenave;29-05-2021;18:05
sinistre;1;creation;FrançoisCazenave;29-05-2021;18:13
sinistre;1;creation;JeanDupont;29-05-2021;18:16
constat;1;creation;LisaDupont;06-06-2021;15:10
sinistre;2;creation;JeanDupont;06-06-2021;15:24
sinistre;1;creation;LisaDupont;06-06-2021;15:28
constat;1;creation;LisaDupont;06-06-2021;16:14
sinistre;3;creation;JeanDupont;06-06-2021;16:21
sinistre;2;creation;LisaDupont;06-06-2021;16:23
